constituency_name,region,intl_students_firstyear,gross_benefit,costs,net_benefit,net_benefit_per_resident,region_impact,boundary_note
Aberafan Maesteg,Wales,85,7905128.5,919498.11,6985630.38,80,1258810595.29,pre-2024 boundaries
Aberdeen North,Scotland,1665,179537535.23,20267013.37,159270521.87,1420,4211398343.47,pre-2024 boundaries
Aberdeen South,Scotland,2185,235302149.9,26561976.64,208740173.26,1860,4211398343.47,pre-2024 boundaries
Aberdeenshire North and Moray East,Scotland,340,36767676.69,4150502.53,32617174.15,330,4211398343.47,pre-2024 boundaries
Airdrie and Shotts,Scotland,455,48956463.48,5526428.21,43430035.27,470,4211398343.47,pre-2024 boundaries
Aldershot,South East,305,34880294.13,3314005.43,31566288.7,270,3571691172.66,pre-2024 boundaries
Aldridge-Brownhills,West Midlands,90,10227207.3,946443.47,9280763.84,100,3089054238.61,pre-2024 boundaries
Alloa and Grangemouth,Scotland,400,42990180.45,4852927.05,38137253.4,400,4211398343.47,pre-2024 boundaries
Altrincham and Sale West,North West,180,21651242.12,2112409.58,19538832.54,190,3042886993.32,pre-2024 boundaries
Alyn and Deeside,Wales,130,12365879.58,1438357.76,10927521.82,110,1258810595.29,pre-2024 boundaries
Amber Valley,East Midlands,40,4331164.7,386927.99,3944236.71,40,2527384329.97,pre-2024 boundaries
Angus and Perthshire Glens,Scotland,370,39915531.53,4505846.7,35409684.83,360,4211398343.47,pre-2024 boundaries
Arbroath and Broughty Ferry,Scotland,510,54739731.69,6179269.82,48560461.87,490,4211398343.47,pre-2024 boundaries
"Argyll, Bute and South Lochaber",Scotland,275,29373878.09,3315856.93,26058021.16,290,4211398343.47,pre-2024 boundaries
Arundel and South Downs,South East,70,8023312.21,762301.49,7261010.72,70,3571691172.66,pre-2024 boundaries
Ashfield,East Midlands,90,10324287.95,922328.35,9401959.6,100,2527384329.97,pre-2024 boundaries
Ashford,South East,250,28715012.12,2728236.92,25986775.2,240,3571691172.66,pre-2024 boundaries
Ashton-under-Lyne,North West,285,34991906.45,3413995.28,31577911.18,320,3042886993.32,pre-2024 boundaries
Aylesbury,South East,265,30361902.52,2884709.33,27477193.19,250,3571691172.66,pre-2024 boundaries
"Ayr, Carrick and Cumnock",Scotland,455,48993066.44,5530560.12,43462506.32,480,4211398343.47,pre-2024 boundaries
Banbury,South East,170,19636000.94,1865632.6,17770368.34,170,3571691172.66,pre-2024 boundaries
Bangor Aberconwy,Wales,860,82156871.18,9556212.54,72600658.64,790,1258810595.29,pre-2024 boundaries
Barking,London,1800,199395909.26,24868729.9,174527179.35,1300,9591194979.52,pre-2024 boundaries
Barnsley North,Yorkshire and the Humber,170,17638390.27,1680302.9,15958087.37,150,2934649994.01,pre-2024 boundaries
Barnsley South,Yorkshire and the Humber,185,19156927.18,1824964.74,17331962.44,170,2934649994.01,pre-2024 boundaries
Barrow and Furness,North West,35,4548947.84,443819.39,4105128.45,40,3042886993.32,pre-2024 boundaries
Basildon and Billericay,East of England,255,26467883.99,2672839.62,23795044.37,220,2304881140.55,pre-2024 boundaries
Basingstoke,South East,215,24407760.3,2319001.38,22088758.92,200,3571691172.66,pre-2024 boundaries
Bassetlaw,East Midlands,85,9871026.53,881835.89,8989190.64,90,2527384329.97,pre-2024 boundaries
Bath,South West,1995,240557652.36,21996025.61,218561626.75,2140,2156405285.39,pre-2024 boundaries
Bathgate and Linlithgow,Scotland,340,36694470.76,4142238.72,32552232.04,340,4211398343.47,pre-2024 boundaries
Battersea,London,1160,128844446.27,16069525.93,112774920.34,1030,9591194979.52,pre-2024 boundaries
Beaconsfield,South East,165,18538074.0,1761317.66,16776756.35,170,3571691172.66,pre-2024 boundaries
Beckenham and Penge,London,385,42426511.32,5291449.83,37135061.49,350,9591194979.52,pre-2024 boundaries
Bedford,East of England,560,57994614.32,5856543.09,52138071.23,470,2304881140.55,pre-2024 boundaries
Belfast East,Northern Ireland,550,47762063.29,6274404.45,41487658.84,410,952763278.06,pre-2024 boundaries
Belfast North,Northern Ireland,985,85581440.26,11242658.57,74338781.69,700,952763278.06,pre-2024 boundaries
Belfast South and Mid Down,Northern Ireland,5585,485797795.51,63818261.65,421979533.86,3530,952763278.06,pre-2024 boundaries
Belfast West,Northern Ireland,385,33266184.16,4370110.5,28896073.67,280,952763278.06,pre-2024 boundaries
Bermondsey and Old Southwark,London,2390,264730997.9,33017345.79,231713652.12,2170,9591194979.52,pre-2024 boundaries
"Berwickshire, Roxburgh and Selkirk",Scotland,365,39091964.86,4412878.75,34679086.11,360,4211398343.47,pre-2024 boundaries
Bethnal Green and Stepney,London,2865,317590257.91,39609971.81,277980286.1,2190,9591194979.52,pre-2024 boundaries
Beverley and Holderness,Yorkshire and the Humber,75,7592684.55,723309.19,6869375.36,80,2934649994.01,pre-2024 boundaries
Bexhill and Battle,South East,65,7558804.66,718168.25,6840636.41,80,3571691172.66,pre-2024 boundaries
Bexleyheath and Crayford,London,395,43904484.05,5475783.13,38428700.93,390,9591194979.52,pre-2024 boundaries
Bicester and Woodstock,South East,185,20818383.79,1977971.76,18840412.02,190,3571691172.66,pre-2024 boundaries
Birkenhead,North West,125,15440178.72,1506425.42,13933753.31,130,3042886993.32,pre-2024 boundaries
Birmingham Edgbaston,West Midlands,1590,181885591.96,16832007.55,165053584.41,1530,3089054238.61,pre-2024 boundaries
Birmingham Erdington,West Midlands,770,87901083.46,8134518.43,79766565.03,650,3089054238.61,pre-2024 boundaries
Birmingham Hall Green and Moseley,West Midlands,765,87504338.35,8097802.95,79406535.4,680,3089054238.61,pre-2024 boundaries
Birmingham Hodge Hill and Solihull North,West Midlands,680,77629793.37,7183995.47,70445797.9,580,3089054238.61,pre-2024 boundaries
Birmingham Ladywood,West Midlands,4040,462075805.85,42761294.99,419314510.87,2760,3089054238.61,pre-2024 boundaries
Birmingham Northfield,West Midlands,465,53163844.86,4919874.24,48243970.63,450,3089054238.61,pre-2024 boundaries
Birmingham Perry Barr,West Midlands,1185,135554579.56,12544455.46,123010124.11,1010,3089054238.61,pre-2024 boundaries
Birmingham Selly Oak,West Midlands,1515,173245365.1,16032426.0,157212939.11,1460,3089054238.61,pre-2024 boundaries
Birmingham Yardley,West Midlands,720,82434817.49,7628660.72,74806156.78,660,3089054238.61,pre-2024 boundaries
Bishop Auckland,North East,95,10139763.39,947962.54,9191800.85,100,1787629850.23,pre-2024 boundaries
Blackburn,North West,350,42558906.22,4152271.75,38406634.47,340,3042886993.32,pre-2024 boundaries
Blackley and Middleton South,North West,955,116173129.42,11334464.32,104838665.1,940,3042886993.32,pre-2024 boundaries
Blackpool North and Fleetwood,North West,60,7566999.77,738276.48,6828723.29,70,3042886993.32,pre-2024 boundaries
Blackpool South,North West,165,19901646.79,1941709.81,17959936.98,160,3042886993.32,pre-2024 boundaries
Blaenau Gwent and Rhymney,Wales,55,5194798.73,604241.62,4590557.11,50,1258810595.29,pre-2024 boundaries
Blaydon and Consett,North East,110,11765221.65,1099926.0,10665295.65,120,1787629850.23,pre-2024 boundaries
Blyth and Ashington,North East,120,12694054.94,1186762.26,11507292.67,110,1787629850.23,pre-2024 boundaries
Bognor Regis and Littlehampton,South East,155,17777970.74,1689099.62,16088871.12,150,3571691172.66,pre-2024 boundaries
Bolsover,East Midlands,60,6950008.47,620884.45,6329124.02,60,2527384329.97,pre-2024 boundaries
Bolton North East,North West,405,49338588.1,4813733.34,44524854.76,390,3042886993.32,pre-2024 boundaries
Bolton South and Walkden,North West,725,88442043.56,8628873.06,79813170.5,640,3042886993.32,pre-2024 boundaries
Bolton West,North West,190,23007178.49,2244701.89,20762476.6,210,3042886993.32,pre-2024 boundaries
Bootle,North West,140,17058554.4,1664322.7,15394231.7,150,3042886993.32,pre-2024 boundaries
Boston and Skegness,East Midlands,235,27044598.19,2416050.36,24628547.83,210,2527384329.97,pre-2024 boundaries
Bournemouth East,South West,740,89137882.08,8150558.16,80987323.91,760,2156405285.39,pre-2024 boundaries
Bournemouth West,South West,1285,154804062.2,14154919.14,140649143.06,1310,2156405285.39,pre-2024 boundaries
Bracknell,South East,230,26139106.62,2483498.02,23655608.61,230,3571691172.66,pre-2024 boundaries
Bradford East,Yorkshire and the Humber,775,80073619.39,7628130.04,72445489.35,610,2934649994.01,pre-2024 boundaries
Bradford South,Yorkshire and the Humber,385,40007607.06,3811283.06,36196324.0,330,2934649994.01,pre-2024 boundaries
Bradford West,Yorkshire and the Humber,1655,171302644.54,16318968.21,154983676.33,1280,2934649994.01,pre-2024 boundaries
Braintree,East of England,95,9591572.64,968597.84,8622974.8,80,2304881140.55,pre-2024 boundaries
"Brecon, Radnor and Cwm Tawe",Wales,55,5477124.75,637080.84,4840043.91,50,1258810595.29,pre-2024 boundaries
Brent East,London,1670,185050879.81,23079612.65,161971267.17,1200,9591194979.52,pre-2024 boundaries
Brent West,London,2260,250385968.46,31228228.53,219157739.93,1640,9591194979.52,pre-2024 boundaries
Brentford and Isleworth,London,1360,150535869.58,18774888.09,131760981.49,1020,9591194979.52,pre-2024 boundaries
Brentwood and Ongar,East of England,130,13436295.85,1356854.37,12079441.49,120,2304881140.55,pre-2024 boundaries
Bridgend,Wales,120,11518901.53,1339840.11,10179061.42,110,1258810595.29,pre-2024 boundaries
Bridgwater,South West,120,14683460.06,1342621.03,13340839.03,130,2156405285.39,pre-2024 boundaries
Bridlington and The Wolds,Yorkshire and the Humber,55,5665310.78,539699.94,5125610.84,60,2934649994.01,pre-2024 boundaries
Brigg and Immingham,Yorkshire and the Humber,55,5548500.25,528572.1,5019928.15,60,2934649994.01,pre-2024 boundaries
Brighton Kemptown and Peacehaven,South East,845,96068606.73,9127557.33,86941049.4,910,3571691172.66,pre-2024 boundaries
Brighton Pavilion,South East,1690,192686176.92,18307272.13,174378904.79,1690,3571691172.66,pre-2024 boundaries
Bristol Central,South West,3000,361573380.82,33061419.03,328511961.79,3510,2156405285.39,pre-2024 boundaries
Bristol East,South West,780,94050563.88,8599762.23,85450801.65,780,2156405285.39,pre-2024 boundaries
Bristol North East,South West,660,79585445.23,7277105.82,72308339.41,730,2156405285.39,pre-2024 boundaries
Bristol North West,South West,670,80731737.66,7381920.1,73349817.55,670,2156405285.39,pre-2024 boundaries
Bristol South,South West,370,44759989.78,4092748.13,40667241.65,390,2156405285.39,pre-2024 boundaries
Broadland and Fakenham,East of England,45,4654138.62,469994.73,4184143.89,40,2304881140.55,pre-2024 boundaries
Bromley and Biggin Hill,London,305,33819493.66,4217979.48,29601514.18,300,9591194979.52,pre-2024 boundaries
Bromsgrove,West Midlands,65,7317743.16,677196.62,6640546.54,70,3089054238.61,pre-2024 boundaries
Broxbourne,East of England,305,31445788.78,3175529.64,28270259.14,260,2304881140.55,pre-2024 boundaries
Broxtowe,East Midlands,605,69097185.7,6172851.21,62924334.49,670,2527384329.97,pre-2024 boundaries
Buckingham and Bletchley,South East,440,50335727.13,4782438.83,45553288.3,430,3571691172.66,pre-2024 boundaries
Burnley,North West,205,24975473.23,2436739.13,22538734.1,200,3042886993.32,pre-2024 boundaries
Burton and Uttoxeter,West Midlands,230,26449674.06,2447698.63,24001975.44,210,3089054238.61,pre-2024 boundaries
Bury North,North West,245,30005559.78,2927500.95,27078058.83,260,3042886993.32,pre-2024 boundaries
Bury South,North West,295,35735484.46,3486542.68,32248941.79,300,3042886993.32,pre-2024 boundaries
Bury St Edmunds and Stowmarket,East of England,140,14650418.97,1479461.69,13170957.28,130,2304881140.55,pre-2024 boundaries
Caerfyrddin,Wales,110,10558993.07,1228186.77,9330806.3,100,1258810595.29,pre-2024 boundaries
Caerphilly,Wales,55,5194798.73,604241.62,4590557.11,50,1258810595.29,pre-2024 boundaries
"Caithness, Sutherland and Easter Ross",Scotland,245,26244324.72,2962578.71,23281746.01,240,4211398343.47,pre-2024 boundaries
Calder Valley,Yorkshire and the Humber,85,8760789.87,834587.53,7926202.34,80,2934649994.01,pre-2024 boundaries
Camborne and Redruth,South West,115,13646338.35,1247789.06,12398549.28,130,2156405285.39,pre-2024 boundaries
Cambridge,East of England,4680,483018647.52,48777279.66,434241367.86,3500,2304881140.55,pre-2024 boundaries
Cannock Chase,West Midlands,65,7317743.16,677196.62,6640546.54,70,3089054238.61,pre-2024 boundaries
Canterbury,South East,1695,193024000.59,18339369.03,174684631.56,1630,3571691172.66,pre-2024 boundaries
Cardiff East,Wales,2335,223037554.06,25942982.5,197094571.56,1820,1258810595.29,pre-2024 boundaries
Cardiff North,Wales,685,65273775.32,7592427.28,57681348.03,610,1258810595.29,pre-2024 boundaries
Cardiff South and Penarth,Wales,3260,311687923.65,36254497.06,275433426.59,2600,1258810595.29,pre-2024 boundaries
Cardiff West,Wales,650,62111723.92,7224628.04,54887095.88,530,1258810595.29,pre-2024 boundaries
Carlisle,North West,115,14040502.46,1369865.6,12670636.86,120,3042886993.32,pre-2024 boundaries
Carshalton and Wallington,London,430,47903704.38,5974567.33,41929137.05,400,9591194979.52,pre-2024 boundaries
Castle Point,East of England,50,5301670.95,535385.31,4766285.65,50,2304881140.55,pre-2024 boundaries
Central Ayrshire,Scotland,470,50475486.46,5697902.43,44777584.03,510,4211398343.47,pre-2024 boundaries
Central Devon,South West,60,7041510.59,643859.16,6397651.43,70,2156405285.39,pre-2024 boundaries
Central Suffolk and North Ipswich,East of England,100,10117692.66,1021727.68,9095964.97,100,2304881140.55,pre-2024 boundaries
Ceredigion Preseli,Wales,855,81535753.94,9483966.26,72051787.68,770,1258810595.29,pre-2024 boundaries
Chatham and Aylesford,South East,245,27828224.98,2643982.54,25184242.44,240,3571691172.66,pre-2024 boundaries
Cheadle,North West,145,17670912.76,1724067.61,15946845.14,170,3042886993.32,pre-2024 boundaries
Chelmsford,East of England,375,38932881.35,3931608.13,35001273.22,330,2304881140.55,pre-2024 boundaries
Chelsea and Fulham,London,1715,190093375.01,23708514.47,166384860.54,1390,9591194979.52,pre-2024 boundaries
Cheltenham,South West,340,40829844.33,3733384.88,37096459.45,370,2156405285.39,pre-2024 boundaries
Chesham and Amersham,South East,140,16215536.26,1540651.43,14674884.82,150,3571691172.66,pre-2024 boundaries
Chester North and Neston,North West,425,51613062.02,5035643.03,46577418.98,490,3042886993.32,pre-2024 boundaries
Chester South and Eddisbury,North West,85,10278872.52,1002861.11,9276011.41,100,3042886993.32,pre-2024 boundaries
Chesterfield,East Midlands,70,7755806.56,692871.05,7062935.5,80,2527384329.97,pre-2024 boundaries
Chichester,South East,195,22296362.35,2118395.72,20177966.63,190,3571691172.66,pre-2024 boundaries
Chingford and Woodford Green,London,565,62900780.62,7845008.1,55055772.51,500,9591194979.52,pre-2024 boundaries
Chippenham,South West,135,15993508.54,1462408.78,14531099.76,150,2156405285.39,pre-2024 boundaries
Chipping Barnet,London,640,71073100.42,8864262.78,62208837.64,550,9591194979.52,pre-2024 boundaries
Chorley,North West,60,7042121.17,687066.55,6355054.62,60,3042886993.32,pre-2024 boundaries
Christchurch,South West,65,8024046.95,733699.97,7290346.98,80,2156405285.39,pre-2024 boundaries
Cities of London and Westminster,London,3630,402660629.48,50219979.31,352440650.17,2940,9591194979.52,pre-2024 boundaries
City of Durham,North East,2870,302567443.55,28286912.7,274280530.85,2720,1787629850.23,pre-2024 boundaries
Clacton,East of England,45,4654138.62,469994.73,4184143.89,40,2304881140.55,pre-2024 boundaries
Clapham and Brixton Hill,London,835,92329825.87,11515409.27,80814416.6,770,9591194979.52,pre-2024 boundaries
Clwyd East,Wales,90,8808571.76,1024583.61,7783988.14,80,1258810595.29,pre-2024 boundaries
Clwyd North,Wales,140,13156392.43,1530307.58,11626084.85,120,1258810595.29,pre-2024 boundaries
Coatbridge and Bellshill,Scotland,495,53257311.67,6011927.51,47245384.16,500,4211398343.47,pre-2024 boundaries
Colchester,East of England,1170,120967133.43,12215776.2,108751357.23,950,2304881140.55,pre-2024 boundaries
Colne Valley,Yorkshire and the Humber,145,14834937.51,1413234.89,13421702.62,140,2934649994.01,pre-2024 boundaries
Congleton,North West,40,4811387.14,469424.35,4341962.79,50,3042886993.32,pre-2024 boundaries
Corby and East Northamptonshire,East Midlands,285,32433372.88,2897460.77,29535912.11,250,2527384329.97,pre-2024 boundaries
Coventry East,West Midlands,1130,129118492.21,11948848.79,117169643.42,990,3089054238.61,pre-2024 boundaries
Coventry North West,West Midlands,945,108179166.91,10011087.38,98168079.53,920,3089054238.61,pre-2024 boundaries
Coventry South,West Midlands,4200,480458329.32,44462445.53,435995883.79,3630,3089054238.61,pre-2024 boundaries
Cowdenbeath and Kirkcaldy,Scotland,430,46119733.82,5206205.27,40913528.55,430,4211398343.47,pre-2024 boundaries
Cramlington and Killingworth,North East,115,12229638.29,1143344.13,11086294.16,110,1787629850.23,pre-2024 boundaries
Crawley,South East,410,46788578.57,4445421.33,42343157.25,360,3571691172.66,pre-2024 boundaries
Crewe and Nantwich,North West,195,23488317.21,2291644.33,21196672.88,190,3042886993.32,pre-2024 boundaries
Croydon East,London,680,75507018.61,9417262.67,66089755.95,600,9591194979.52,pre-2024 boundaries
Croydon South,London,405,44773879.78,5584214.48,39189665.3,390,9591194979.52,pre-2024 boundaries
Croydon West,London,1340,148623198.99,18536339.12,130086859.87,1060,9591194979.52,pre-2024 boundaries
Cumbernauld and Kirkintilloch,Scotland,550,58985675.44,6658571.26,52327104.18,570,4211398343.47,pre-2024 boundaries
Dagenham and Rainham,London,1080,119933140.1,14958104.6,104975035.5,880,9591194979.52,pre-2024 boundaries
Darlington,North East,255,26626554.26,2489306.21,24137248.05,250,1787629850.23,pre-2024 boundaries
Dartford,South East,385,43663709.61,4148524.96,39515184.65,360,3571691172.66,pre-2024 boundaries
Daventry,East Midlands,145,16720310.24,1493722.01,15226588.23,150,2527384329.97,pre-2024 boundaries
Derby North,East Midlands,800,91558807.29,8179477.77,83379329.52,810,2527384329.97,pre-2024 boundaries
Derby South,East Midlands,820,93825114.4,8381940.09,85443174.31,720,2527384329.97,pre-2024 boundaries
Derbyshire Dales,East Midlands,45,5338412.31,476911.25,4861501.06,50,2527384329.97,pre-2024 boundaries
Dewsbury and Batley,Yorkshire and the Humber,325,33407812.03,3182560.46,30225251.57,290,2934649994.01,pre-2024 boundaries
Didcot and Wantage,South East,140,15877712.58,1508554.53,14369158.05,140,3571691172.66,pre-2024 boundaries
Doncaster Central,Yorkshire and the Humber,495,51163012.83,4873991.19,46289021.64,410,2934649994.01,pre-2024 boundaries
Doncaster East and the Isle of Axholme,Yorkshire and the Humber,110,11330621.56,1079399.87,10251221.69,110,2934649994.01,pre-2024 boundaries
Doncaster North,Yorkshire and the Humber,110,11505837.36,1096091.63,10409745.73,110,2934649994.01,pre-2024 boundaries
Dorking and Horley,South East,135,15328749.12,1456397.06,13872352.06,150,3571691172.66,pre-2024 boundaries
Dover and Deal,South East,110,12710615.66,1207646.05,11502969.61,110,3571691172.66,pre-2024 boundaries
Droitwich and Evesham,West Midlands,85,9654131.03,893410.0,8760721.03,90,3089054238.61,pre-2024 boundaries
Dudley,West Midlands,245,28301151.25,2619037.53,25682113.72,250,3089054238.61,pre-2024 boundaries
Dulwich and West Norwood,London,755,83679338.42,10436517.35,73242821.07,680,9591194979.52,pre-2024 boundaries
Dumfries and Galloway,Scotland,295,31753070.71,3584431.01,28168639.7,290,4211398343.47,pre-2024 boundaries
"Dumfriesshire, Clydesdale and Tweeddale",Scotland,250,26683560.28,3012161.62,23671398.66,270,4211398343.47,pre-2024 boundaries
Dundee Central,Scotland,2505,269672332.48,30441839.14,239230493.35,2260,4211398343.47,pre-2024 boundaries
Dunfermline and Dollar,Scotland,370,40025340.42,4518242.43,35507097.99,370,4211398343.47,pre-2024 boundaries
Dunstable and Leighton Buzzard,East of England,325,33307444.23,3363527.54,29943916.69,280,2304881140.55,pre-2024 boundaries
Dwyfor Meirionnydd,Wales,95,9316758.59,1083694.21,8233064.38,90,1258810595.29,pre-2024 boundaries
Ealing Central and Acton,London,2085,230954974.03,28804787.88,202150186.16,1530,9591194979.52,pre-2024 boundaries
Ealing North,London,1210,134191229.97,16736378.73,117454851.24,920,9591194979.52,pre-2024 boundaries
Ealing Southall,London,1285,142407019.56,17761054.97,124645964.59,1000,9591194979.52,pre-2024 boundaries
Earley and Woodley,South East,745,84835969.63,8060335.24,76775634.39,720,3571691172.66,pre-2024 boundaries
Easington,North East,95,9752749.52,911780.76,8840968.76,90,1787629850.23,pre-2024 boundaries
East Antrim,Northern Ireland,325,28434224.45,3735345.84,24698878.61,250,952763278.06,pre-2024 boundaries
East Grinstead and Uckfield,South East,100,11401548.93,1083270.54,10318278.39,110,3571691172.66,pre-2024 boundaries
East Ham,London,2370,262774857.52,32773375.25,230001482.27,1760,9591194979.52,pre-2024 boundaries
East Hampshire,South East,80,8825643.43,838531.64,7987111.79,90,3571691172.66,pre-2024 boundaries
East Kilbride and Strathaven,Scotland,550,59351705.07,6699890.35,52651814.72,550,4211398343.47,pre-2024 boundaries
East Londonderry,Northern Ireland,425,37168920.85,4882805.02,32286115.83,310,952763278.06,pre-2024 boundaries
East Renfrewshire,Scotland,665,71595396.31,8082013.89,63513382.42,660,4211398343.47,pre-2024 boundaries
East Surrey,South East,115,13090667.29,1243755.06,11846912.23,120,3571691172.66,pre-2024 boundaries
East Thanet,South East,135,15497660.95,1472445.51,14025215.44,130,3571691172.66,pre-2024 boundaries
East Wiltshire,South West,155,18831946.92,1721948.91,17109998.01,170,2156405285.39,pre-2024 boundaries
East Worthing and Shoreham,South East,115,13006211.37,1235730.84,11770480.53,120,3571691172.66,pre-2024 boundaries
Eastbourne,South East,280,32008792.92,3041181.74,28967611.18,280,3571691172.66,pre-2024 boundaries
Eastleigh,South East,110,12668387.7,1203633.93,11464753.77,120,3571691172.66,pre-2024 boundaries
Edinburgh East and Musselburgh,Scotland,2535,272728679.92,30786853.53,241941826.39,2130,4211398343.47,pre-2024 boundaries
Edinburgh North and Leith,Scotland,1410,151646077.16,17118498.75,134527578.41,1220,4211398343.47,pre-2024 boundaries
Edinburgh South,Scotland,2430,261436665.73,29512159.63,231924506.1,2320,4211398343.47,pre-2024 boundaries
Edinburgh South West,Scotland,1790,192549888.7,21735906.99,170813981.71,1600,4211398343.47,pre-2024 boundaries
Edinburgh West,Scotland,555,59516418.41,6718483.94,52797934.47,540,4211398343.47,pre-2024 boundaries
Edmonton and Winchmore Hill,London,1125,124627877.01,15543633.89,109084243.12,860,9591194979.52,pre-2024 boundaries
Ellesmere Port and Bromborough,North West,85,10191392.75,994326.12,9197066.63,100,3042886993.32,pre-2024 boundaries
Eltham and Chislehurst,London,620,68551852.82,8549811.87,60002040.95,550,9591194979.52,pre-2024 boundaries
Ely and East Cambridgeshire,East of England,180,18616554.49,1879978.94,16736575.55,160,2304881140.55,pre-2024 boundaries
Enfield North,London,1015,112804095.16,14068967.54,98735127.63,780,9591194979.52,pre-2024 boundaries
Epping Forest,East of England,310,32214733.42,3253180.95,28961552.48,280,2304881140.55,pre-2024 boundaries
Epsom and Ewell,South East,315,35851537.19,3406284.03,32445253.16,300,3571691172.66,pre-2024 boundaries
Erewash,East Midlands,80,9317040.35,832345.1,8484695.25,90,2527384329.97,pre-2024 boundaries
Erith and Thamesmead,London,1655,183399027.94,22873593.08,160525434.86,1190,9591194979.52,pre-2024 boundaries
Esher and Walton,South East,200,22803097.86,2166541.08,20636556.78,200,3571691172.66,pre-2024 boundaries
Exeter,South West,2235,269051206.83,24601409.18,244449797.65,2400,2156405285.39,pre-2024 boundaries
Exmouth and Exeter East,South West,110,13482582.29,1232815.59,12249766.69,120,2156405285.39,pre-2024 boundaries
Falkirk,Scotland,405,43649033.8,4927301.41,38721732.38,400,4211398343.47,pre-2024 boundaries
Fareham and Waterlooville,South East,70,8065540.17,766313.6,7299226.56,70,3571691172.66,pre-2024 boundaries
Farnham and Bordon,South East,305,34795838.22,3305981.2,31489857.01,310,3571691172.66,pre-2024 boundaries
Faversham and Mid Kent,South East,100,11528232.81,1095306.88,10432925.93,110,3571691172.66,pre-2024 boundaries
Feltham and Heston,London,1335,147884212.62,18444172.47,129440040.15,970,9591194979.52,pre-2024 boundaries
Fermanagh and South Tyrone,Northern Ireland,670,58262283.43,7653796.87,50608486.56,450,952763278.06,pre-2024 boundaries
Filton and Bradley Stoke,South West,945,113810461.81,10406560.79,103403901.01,970,2156405285.39,pre-2024 boundaries
Finchley and Golders Green,London,1240,137668812.87,17170104.12,120498708.74,960,9591194979.52,pre-2024 boundaries
Folkestone and Hythe,South East,140,16088852.38,1528615.1,14560237.28,160,3571691172.66,pre-2024 boundaries
Forest of Dean,South West,60,7096095.94,648850.31,6447245.63,70,2156405285.39,pre-2024 boundaries
Foyle,Northern Ireland,385,33359106.46,4382317.51,28976788.95,300,952763278.06,pre-2024 boundaries
Frome and East Somerset,South West,105,12445460.57,1137983.63,11307476.95,120,2156405285.39,pre-2024 boundaries
Fylde,North West,70,8223098.02,802288.89,7420809.13,80,3042886993.32,pre-2024 boundaries
Gainsborough,East Midlands,50,5842036.11,521902.87,5320133.24,60,2527384329.97,pre-2024 boundaries
Gateshead Central and Whickham,North East,760,80189273.86,7496864.05,72692409.81,740,1787629850.23,pre-2024 boundaries
Gedling,East Midlands,145,16720310.24,1493722.01,15226588.23,150,2527384329.97,pre-2024 boundaries
Gillingham and Rainham,South East,410,46492982.86,4417336.54,42075646.32,410,3571691172.66,pre-2024 boundaries
Glasgow East,Scotland,1365,147034103.78,16597878.22,130436225.55,1310,4211398343.47,pre-2024 boundaries
Glasgow North,Scotland,3335,359294688.25,40558818.18,318735870.06,2920,4211398343.47,pre-2024 boundaries
Glasgow North East,Scotland,1285,138615422.21,15647539.17,122967883.04,1150,4211398343.47,pre-2024 boundaries
Glasgow South,Scotland,725,77946010.45,8798900.09,69147110.36,760,4211398343.47,pre-2024 boundaries
Glasgow South West,Scotland,895,96595220.28,10904107.7,85691112.58,890,4211398343.47,pre-2024 boundaries
Glasgow West,Scotland,1355,145954316.36,16475986.91,129478329.45,1310,4211398343.47,pre-2024 boundaries
Glastonbury and Somerton,South West,80,9497851.49,868461.19,8629390.3,90,2156405285.39,pre-2024 boundaries
Glenrothes and Mid Fife,Scotland,430,46540667.9,5253722.22,41286945.68,450,4211398343.47,pre-2024 boundaries
Gloucester,South West,365,43995794.83,4022871.94,39972922.89,340,2156405285.39,pre-2024 boundaries
Godalming and Ash,South East,125,14230822.18,1352082.12,12878740.06,130,3571691172.66,pre-2024 boundaries
Goole and Pocklington,Yorkshire and the Humber,105,10921784.7,1040452.46,9881332.24,100,2934649994.01,pre-2024 boundaries
Gordon and Buchan,Scotland,310,33125681.83,3739377.59,29386304.24,320,4211398343.47,pre-2024 boundaries
Gorton and Denton,North West,940,114773453.16,11197904.51,103575548.66,910,3042886993.32,pre-2024 boundaries
Gosport,South East,100,11443776.89,1087282.65,10356494.24,110,3571691172.66,pre-2024 boundaries
Gower,Wales,270,25917528.43,3014640.24,22902888.19,240,1258810595.29,pre-2024 boundaries
Grantham and Bourne,East Midlands,115,13295668.39,1187778.95,12107889.44,120,2527384329.97,pre-2024 boundaries
Gravesham,South East,335,38089619.02,3618926.03,34470692.99,320,3571691172.66,pre-2024 boundaries
Great Grimsby and Cleethorpes,Yorkshire and the Humber,150,15418990.17,1468874.06,13950116.11,130,2934649994.01,pre-2024 boundaries
Great Yarmouth,East of England,120,12262643.5,1238333.95,11024309.55,110,2304881140.55,pre-2024 boundaries
Greenwich and Woolwich,London,1545,171097078.45,21339289.49,149757788.95,1280,9591194979.52,pre-2024 boundaries
Guildford,South East,1690,192432809.17,18283199.45,174149609.72,1710,3571691172.66,pre-2024 boundaries
Hackney North and Stoke Newington,London,870,96589864.92,12046722.88,84543142.04,730,9591194979.52,pre-2024 boundaries
Hackney South and Shoreditch,London,1425,158230021.73,19734505.53,138495516.21,1230,9591194979.52,pre-2024 boundaries
Halesowen,West Midlands,165,18602937.42,1721548.03,16881389.39,180,3089054238.61,pre-2024 boundaries
Halifax,Yorkshire and the Humber,235,24471806.36,2331281.17,22140525.19,210,2934649994.01,pre-2024 boundaries
Hamble Valley,South East,70,7769944.46,738228.81,7031715.64,70,3571691172.66,pre-2024 boundaries
Hamilton and Clyde Valley,Scotland,455,49029669.41,5534692.03,43494977.38,450,4211398343.47,pre-2024 boundaries
Hammersmith and Chiswick,London,1495,165837234.32,20683279.83,145153954.49,1250,9591194979.52,pre-2024 boundaries
Hampstead and Highgate,London,1215,134625927.83,16790594.4,117835333.43,1010,9591194979.52,pre-2024 boundaries
"Harborough, Oadby and Wigston",East Midlands,305,35203303.79,3144914.72,32058389.07,320,2527384329.97,pre-2024 boundaries
Harlow,East of England,350,36383222.8,3674132.75,32709090.05,290,2304881140.55,pre-2024 boundaries
Harpenden and Berkhamsted,East of England,110,11291345.01,1140248.1,10151096.91,110,2304881140.55,pre-2024 boundaries
Harrogate and Knaresborough,Yorkshire and the Humber,160,16295069.15,1552332.81,14742736.34,150,2934649994.01,pre-2024 boundaries
Harrow East,London,1335,148188501.12,18482123.45,129706377.68,1100,9591194979.52,pre-2024 boundaries
Harrow West,London,1510,167271737.26,20862191.56,146409545.7,1210,9591194979.52,pre-2024 boundaries
Hartlepool,North East,140,14629124.29,1367671.14,13261453.14,140,1787629850.23,pre-2024 boundaries
Harwich and North Essex,East of England,495,51195524.85,5169942.08,46025582.77,470,2304881140.55,pre-2024 boundaries
Hastings and Rye,South East,175,19847140.73,1885693.16,17961447.57,170,3571691172.66,pre-2024 boundaries
Havant,South East,75,8403363.84,798410.51,7604953.33,80,3571691172.66,pre-2024 boundaries
Hayes and Harlington,London,1445,160012282.97,19956789.79,140055493.18,1110,9591194979.52,pre-2024 boundaries
Hazel Grove,North West,70,8573017.08,836428.84,7736588.24,80,3042886993.32,pre-2024 boundaries
Hemel Hempstead,East of England,305,31243434.93,3155095.09,28088339.84,270,2304881140.55,pre-2024 boundaries
Hendon,London,1900,210480704.74,26251229.61,184229475.13,1410,9591194979.52,pre-2024 boundaries
Henley and Thame,South East,115,13259579.13,1259803.52,11999775.61,130,3571691172.66,pre-2024 boundaries
Hereford and South Herefordshire,West Midlands,115,12960340.29,1199372.33,11760967.96,120,3089054238.61,pre-2024 boundaries
Herne Bay and Sandwich,South East,85,9627974.65,914761.79,8713212.86,90,3571691172.66,pre-2024 boundaries
Hertford and Stortford,East of England,165,16997723.67,1716502.51,15281221.16,140,2304881140.55,pre-2024 boundaries
Hertsmere,East of England,485,50102814.05,5059595.49,45043218.55,420,2304881140.55,pre-2024 boundaries
Hexham,North East,90,9288332.88,868362.63,8419970.25,90,1787629850.23,pre-2024 boundaries
Heywood and Middleton North,North West,275,33242311.13,3243295.51,29999015.62,300,3042886993.32,pre-2024 boundaries
High Peak,East Midlands,60,6849283.71,611886.13,6237397.59,70,2527384329.97,pre-2024 boundaries
Hinckley and Bosworth,East Midlands,80,9417765.11,841343.42,8576421.68,90,2527384329.97,pre-2024 boundaries
Hitchin,East of England,110,11210403.47,1132074.27,10078329.19,100,2304881140.55,pre-2024 boundaries
Holborn and St Pancras,London,3950,438131975.02,54643978.35,383487996.66,3620,9591194979.52,pre-2024 boundaries
Honiton and Sidmouth,South West,60,7369022.71,673806.09,6695216.61,70,2156405285.39,pre-2024 boundaries
Hornchurch and Upminster,London,375,41426706.24,5166753.78,36259952.46,340,9591194979.52,pre-2024 boundaries
Hornsey and Friern Barnet,London,675,74681092.68,9314252.88,65366839.79,630,9591194979.52,pre-2024 boundaries
Horsham,South East,120,13597402.8,1291900.42,12305502.38,120,3571691172.66,pre-2024 boundaries
Houghton and Sunderland South,North East,110,11533013.33,1078216.93,10454796.39,100,1787629850.23,pre-2024 boundaries
Hove and Portslade,South East,435,49744535.7,4726269.25,45018266.46,440,3571691172.66,pre-2024 boundaries
Huddersfield,Yorkshire and the Humber,1570,162483449.41,15478816.76,147004632.65,1310,2934649994.01,pre-2024 boundaries
Huntingdon,East of England,190,19547382.22,1973977.89,17573404.33,160,2304881140.55,pre-2024 boundaries
Hyndburn,North West,80,9841473.69,960186.17,8881287.52,90,3042886993.32,pre-2024 boundaries
Ilford North,London,1190,131930801.09,16454457.22,115476343.87,970,9591194979.52,pre-2024 boundaries
Ilford South,London,1705,189223979.29,23600083.12,165623896.17,1260,9591194979.52,pre-2024 boundaries
Inverclyde and Renfrewshire West,Scotland,620,66544187.37,7511810.46,59032376.91,660,4211398343.47,pre-2024 boundaries
"Inverness, Skye and West Ross-shire",Scotland,305,32979269.98,3722849.96,29256420.02,280,4211398343.47,pre-2024 boundaries
Ipswich,East of England,415,42858546.1,4328038.47,38530507.63,340,2304881140.55,pre-2024 boundaries
Isle of Wight East,South East,35,4138339.98,393187.08,3745152.9,50,3571691172.66,pre-2024 boundaries
Isle of Wight West,South East,35,3884972.23,369114.41,3515857.82,50,3571691172.66,pre-2024 boundaries
Islington North,London,1210,134104290.4,16725535.59,117378754.81,1070,9591194979.52,pre-2024 boundaries
Islington South and Finsbury,London,2395,265469984.27,33109512.43,232360471.83,2000,9591194979.52,pre-2024 boundaries
Jarrow and Gateshead East,North East,250,26394345.93,2467597.14,23926748.79,260,1787629850.23,pre-2024 boundaries
Keighley and Ilkley,Yorkshire and the Humber,155,16236663.89,1546768.89,14689894.99,150,2934649994.01,pre-2024 boundaries
Kenilworth and Southam,West Midlands,470,53604672.76,4960669.21,48644003.55,520,3089054238.61,pre-2024 boundaries
Kensington and Bayswater,London,3065,339846788.44,42385814.34,297460974.1,2240,9591194979.52,pre-2024 boundaries
Kettering,East Midlands,230,26238800.11,2344063.76,23894736.35,220,2527384329.97,pre-2024 boundaries
Kilmarnock and Loudoun,Scotland,520,55728011.7,6290831.37,49437180.34,520,4211398343.47,pre-2024 boundaries
Kingston and Surbiton,London,1315,145623783.74,18162250.97,127461532.77,1110,9591194979.52,pre-2024 boundaries
Kingston upon Hull East,Yorkshire and the Humber,210,21726758.87,2069777.08,19656981.79,190,2934649994.01,pre-2024 boundaries
Kingston upon Hull North and Cottingham,Yorkshire and the Humber,1150,119146742.2,11350390.44,107796351.76,930,2934649994.01,pre-2024 boundaries
Kingston upon Hull West and Haltemprice,Yorkshire and the Humber,385,39832391.26,3794591.31,36037799.95,340,2934649994.01,pre-2024 boundaries
Kingswinford and South Staffordshire,West Midlands,30,3702954.37,342677.81,3360276.56,40,3089054238.61,pre-2024 boundaries
Knowsley,North West,95,11284889.83,1101013.48,10183876.35,110,3042886993.32,pre-2024 boundaries
Lagan Valley,Northern Ireland,340,29735136.68,3906244.02,25828892.66,230,952763278.06,pre-2024 boundaries
Lancaster and Wyre,North West,1270,154970405.7,15119731.58,139850674.12,1440,3042886993.32,pre-2024 boundaries
Leeds Central and Headingley,Yorkshire and the Humber,5585,577861699.67,55049393.62,522812306.04,4930,2934649994.01,pre-2024 boundaries
Leeds East,Yorkshire and the Humber,725,74875550.73,7132941.44,67742609.29,600,2934649994.01,pre-2024 boundaries
Leeds North East,Yorkshire and the Humber,600,62260013.33,5931135.4,56328877.93,590,2934649994.01,pre-2024 boundaries
Leeds North West,Yorkshire and the Humber,210,21785164.14,2075341.0,19709823.14,210,2934649994.01,pre-2024 boundaries
Leeds South,Yorkshire and the Humber,1635,169024839.18,16101975.45,152922863.72,1230,2934649994.01,pre-2024 boundaries
Leeds South West and Morley,Yorkshire and the Humber,235,24296590.57,2314589.42,21982001.14,230,2934649994.01,pre-2024 boundaries
Leeds West and Pudsey,Yorkshire and the Humber,470,48768396.93,4645870.6,44122526.33,440,2934649994.01,pre-2024 boundaries
Leicester East,East Midlands,1110,127114647.75,11355886.63,115758761.12,930,2527384329.97,pre-2024 boundaries
Leicester South,East Midlands,3475,397812441.58,35538886.09,362273555.49,3040,2527384329.97,pre-2024 boundaries
Leicester West,East Midlands,1865,213385405.11,19062952.32,194322452.79,1550,2527384329.97,pre-2024 boundaries
Leigh and Atherton,North West,145,17802132.41,1736870.1,16065262.31,150,3042886993.32,pre-2024 boundaries
Lewes,South East,105,11823828.52,1123391.67,10700436.85,110,3571691172.66,pre-2024 boundaries
Lewisham East,London,955,106109748.09,13234046.15,92875701.94,790,9591194979.52,pre-2024 boundaries
Lewisham North,London,1675,185746396.39,23166357.72,162580038.67,1390,9591194979.52,pre-2024 boundaries
Lewisham West and East Dulwich,London,540,59640546.65,7438390.54,52202156.11,520,9591194979.52,pre-2024 boundaries
Leyton and Wanstead,London,1150,127583822.47,15912300.47,111671522.0,950,9591194979.52,pre-2024 boundaries
Lichfield,West Midlands,50,5774845.5,534414.2,5240431.3,50,3089054238.61,pre-2024 boundaries
Lincoln,East Midlands,915,105005562.82,9380754.21,95624808.61,820,2527384329.97,pre-2024 boundaries
Liverpool Garston,North West,145,17845872.29,1741137.59,16104734.7,170,3042886993.32,pre-2024 boundaries
Liverpool Riverside,North West,2845,346682313.17,33824158.2,312858154.98,2650,3042886993.32,pre-2024 boundaries
Liverpool Walton,North West,240,29349461.54,2863488.54,26485973.0,260,3042886993.32,pre-2024 boundaries
Liverpool Wavertree,North West,935,114029875.15,11125357.11,102904518.05,1000,3042886993.32,pre-2024 boundaries
Liverpool West Derby,North West,315,38403617.33,3746859.82,34656757.52,360,3042886993.32,pre-2024 boundaries
Livingston,Scotland,470,50695104.24,5722693.89,44972410.35,440,4211398343.47,pre-2024 boundaries
Llanelli,Wales,110,10671923.47,1241322.45,9430601.02,100,1258810595.29,pre-2024 boundaries
Lothian East,Scotland,290,31222327.74,3524518.33,27697809.41,280,4211398343.47,pre-2024 boundaries
Loughborough,East Midlands,1625,186139357.4,16628905.3,169510452.09,1680,2527384329.97,pre-2024 boundaries
Louth and Horncastle,East Midlands,45,4885150.88,436418.78,4448732.1,50,2527384329.97,pre-2024 boundaries
Lowestoft,East of England,50,4977904.79,502690.02,4475214.77,50,2304881140.55,pre-2024 boundaries
Luton North,East of England,780,80536833.56,8132952.37,72403881.19,620,2304881140.55,pre-2024 boundaries
Luton South and South Bedfordshire,East of England,1870,192802751.3,19470042.76,173332708.54,1410,2304881140.55,pre-2024 boundaries
Macclesfield,North West,60,7217080.71,704136.53,6512944.18,70,3042886993.32,pre-2024 boundaries
Maidenhead,South East,210,23985480.71,2278880.25,21706600.47,210,3571691172.66,pre-2024 boundaries
Maidstone and Malling,South East,270,30573042.32,2904769.89,27668272.42,250,3571691172.66,pre-2024 boundaries
Makerfield,North West,75,8835456.38,862033.81,7973422.57,80,3042886993.32,pre-2024 boundaries
Maldon,East of England,50,5342141.72,539472.22,4802669.51,50,2304881140.55,pre-2024 boundaries
Manchester Central,North West,2765,336622140.07,32842634.56,303779505.51,2490,3042886993.32,pre-2024 boundaries
Manchester Rusholme,North West,3690,449733477.68,43878374.29,405855103.39,3660,3042886993.32,pre-2024 boundaries
Manchester Withington,North West,750,91635055.02,8940400.13,82694654.89,910,3042886993.32,pre-2024 boundaries
Mansfield,East Midlands,175,19943502.58,1781668.43,18161834.15,170,2527384329.97,pre-2024 boundaries
Melksham and Devizes,South West,80,9770778.26,893416.97,8877361.29,100,2156405285.39,pre-2024 boundaries
Melton and Syston,East Midlands,115,13094218.86,1169782.3,11924436.57,130,2527384329.97,pre-2024 boundaries
Meriden and Solihull East,West Midlands,125,14282823.99,1321757.26,12961066.74,130,3089054238.61,pre-2024 boundaries
Merthyr Tydfil and Aberdare,Wales,130,12196483.97,1418654.23,10777829.74,110,1258810595.29,pre-2024 boundaries
Mid Bedfordshire,East of England,510,52814355.68,5333418.51,47480937.16,480,2304881140.55,pre-2024 boundaries
Mid Buckinghamshire,South East,90,10430305.87,990991.94,9439313.93,100,3571691172.66,pre-2024 boundaries
Mid Cheshire,North West,65,7741959.3,755346.45,6986612.85,70,3042886993.32,pre-2024 boundaries
Mid Derbyshire,East Midlands,75,8712691.78,778355.15,7934336.64,90,2527384329.97,pre-2024 boundaries
Mid Dorset and North Poole,South West,65,7641949.47,698761.88,6943187.6,70,2156405285.39,pre-2024 boundaries
Mid Dunbartonshire,Scotland,650,70222785.19,7927067.31,62295717.88,650,4211398343.47,pre-2024 boundaries
Mid Leicestershire,East Midlands,175,20245676.86,1808663.4,18437013.46,180,2527384329.97,pre-2024 boundaries
Mid Norfolk,East of England,70,7325209.48,739730.84,6585478.64,70,2304881140.55,pre-2024 boundaries
Mid Sussex,South East,125,14061910.35,1336033.67,12725876.68,130,3571691172.66,pre-2024 boundaries
Mid Ulster,Northern Ireland,340,29549292.08,3881829.99,25667462.08,240,952763278.06,pre-2024 boundaries
Mid and South Pembrokeshire,Wales,85,8018058.91,932633.8,7085425.1,70,1258810595.29,pre-2024 boundaries
Middlesbrough South and East Cleveland,North East,135,14319513.19,1338725.72,12980787.47,140,1787629850.23,pre-2024 boundaries
Middlesbrough and Thornaby East,North East,2340,246605237.95,23055027.85,223550210.1,2010,1787629850.23,pre-2024 boundaries
Midlothian,Scotland,350,37481434.47,4231074.76,33250359.71,340,4211398343.47,pre-2024 boundaries
Milton Keynes Central,South East,985,112368598.9,10676232.99,101692365.91,810,3571691172.66,pre-2024 boundaries
Milton Keynes North,South East,375,42439098.8,4032173.68,38406925.12,390,3571691172.66,pre-2024 boundaries
Mitcham and Morden,London,1025,113890839.82,14204506.73,99686333.09,800,9591194979.52,pre-2024 boundaries
Monmouthshire,Wales,90,8413315.33,978608.71,7434706.62,80,1258810595.29,pre-2024 boundaries
Montgomeryshire and Glyndwr,Wales,115,11180110.3,1300433.05,9879677.26,100,1258810595.29,pre-2024 boundaries
"Moray West, Nairn and Strathspey",Scotland,305,32759652.2,3698058.5,29061593.69,290,4211398343.47,pre-2024 boundaries
Morecambe and Lunesdale,North West,95,11459849.36,1118083.45,10341765.91,110,3042886993.32,pre-2024 boundaries
"Motherwell, Wishaw and Carluke",Scotland,485,52214127.22,5894168.11,46319959.11,480,4211398343.47,pre-2024 boundaries
Na h-Eileanan an Iar,Scotland,80,8729806.76,985460.28,7744346.48,300,4211398343.47,pre-2024 boundaries
Neath and Swansea East,Wales,555,53246686.96,6193476.58,47053210.38,470,1258810595.29,pre-2024 boundaries
New Forest East,South East,50,5616318.55,533611.04,5082707.5,60,3571691172.66,pre-2024 boundaries
New Forest West,South East,60,6629789.56,629901.76,5999887.8,70,3571691172.66,pre-2024 boundaries
Newark,East Midlands,140,15864149.78,1417236.25,14446913.53,140,2527384329.97,pre-2024 boundaries
Newbury,South East,100,11486004.85,1091294.77,10394710.08,110,3571691172.66,pre-2024 boundaries
Newcastle upon Tyne Central and West,North East,5090,536091612.7,50118996.51,485972616.19,3710,1787629850.23,pre-2024 boundaries
Newcastle upon Tyne East and Wallsend,North East,1900,200318379.1,18727687.41,181590691.7,1580,1787629850.23,pre-2024 boundaries
Newcastle upon Tyne North,North East,1195,126089118.84,11788022.71,114301096.13,1070,1787629850.23,pre-2024 boundaries
Newcastle-under-Lyme,West Midlands,470,53913252.3,4989225.7,48924026.6,530,3089054238.61,pre-2024 boundaries
Newport East,Wales,480,45906210.49,5339656.9,40566553.59,370,1258810595.29,pre-2024 boundaries
Newport West and Islwyn,Wales,155,14680952.93,1707639.35,12973313.57,130,1258810595.29,pre-2024 boundaries
Newry and Armagh,Northern Ireland,545,47576218.69,6249990.43,41326228.26,370,952763278.06,pre-2024 boundaries
Newton Abbot,South West,65,7914876.24,723717.66,7191158.58,80,2156405285.39,pre-2024 boundaries
Newton Aycliffe and Spennymoor,North East,160,17106013.05,1599234.51,15506778.54,160,1787629850.23,pre-2024 boundaries
Normanton and Hemsworth,Yorkshire and the Humber,100,10571353.11,1007068.96,9564284.15,90,2934649994.01,pre-2024 boundaries
North Antrim,Northern Ireland,240,20907517.98,2746577.83,18160940.15,170,952763278.06,pre-2024 boundaries
North Ayrshire and Arran,Scotland,505,54300496.13,6129686.92,48170809.21,530,4211398343.47,pre-2024 boundaries
North Bedfordshire,East of England,135,13760062.02,1389549.65,12370512.36,120,2304881140.55,pre-2024 boundaries
North Cornwall,South West,55,6768583.82,618903.38,6149680.44,60,2156405285.39,pre-2024 boundaries
North Cotswolds,South West,90,10862485.32,993240.09,9869245.23,110,2156405285.39,pre-2024 boundaries
North Devon,South West,70,8624485.83,788602.69,7835883.15,80,2156405285.39,pre-2024 boundaries
North Dorset,South West,90,11135412.09,1018195.88,10117216.21,110,2156405285.39,pre-2024 boundaries
North Down,Northern Ireland,245,21186284.88,2783198.86,18403086.02,190,952763278.06,pre-2024 boundaries
North Durham,North East,195,20511735.11,1917634.14,18594100.97,200,1787629850.23,pre-2024 boundaries
North East Cambridgeshire,East of England,135,13760062.02,1389549.65,12370512.36,120,2304881140.55,pre-2024 boundaries
North East Derbyshire,East Midlands,40,4381527.08,391427.15,3990099.93,40,2527384329.97,pre-2024 boundaries
North East Fife,Scotland,1665,179079998.19,20215364.5,158864633.69,1720,4211398343.47,pre-2024 boundaries
North East Hampshire,South East,100,11148181.18,1059197.86,10088983.31,100,3571691172.66,pre-2024 boundaries
North East Hertfordshire,East of England,105,10805695.76,1091205.17,9714490.59,90,2304881140.55,pre-2024 boundaries
North East Somerset and Hanham,South West,155,18613605.5,1701984.28,16911621.22,180,2156405285.39,pre-2024 boundaries
North Herefordshire,West Midlands,60,6656501.31,616004.15,6040497.15,70,3089054238.61,pre-2024 boundaries
North Norfolk,East of England,25,2630600.09,265649.2,2364950.89,30,2304881140.55,pre-2024 boundaries
North Northumberland,North East,55,5805208.05,542726.64,5262481.41,60,1787629850.23,pre-2024 boundaries
North Shropshire,West Midlands,75,8728392.44,807740.55,7920651.89,80,3089054238.61,pre-2024 boundaries
North Somerset,South West,95,11408338.86,1043151.66,10365187.2,110,2156405285.39,pre-2024 boundaries
North Warwickshire and Bedworth,West Midlands,115,13357085.4,1236087.81,12120997.6,130,3089054238.61,pre-2024 boundaries
North West Cambridgeshire,East of England,290,29826957.96,3012053.21,26814904.74,240,2304881140.55,pre-2024 boundaries
North West Essex,East of England,135,14002886.64,1414071.12,12588815.52,120,2304881140.55,pre-2024 boundaries
North West Hampshire,South East,115,12879527.5,1223694.5,11655833.0,110,3571691172.66,pre-2024 boundaries
North West Leicestershire,East Midlands,120,14000741.71,1250767.23,12749974.48,130,2527384329.97,pre-2024 boundaries
North West Norfolk,East of England,110,11574640.4,1168856.47,10405783.93,100,2304881140.55,pre-2024 boundaries
Northampton North,East Midlands,1440,164735345.79,14716761.16,150018584.63,1170,2527384329.97,pre-2024 boundaries
Northampton South,East Midlands,710,81133794.58,7248151.09,73885643.49,670,2527384329.97,pre-2024 boundaries
Norwich North,East of England,220,22744573.1,2296843.83,20447729.26,210,2304881140.55,pre-2024 boundaries
Norwich South,East of England,1540,158726362.43,16028863.91,142697498.51,1360,2304881140.55,pre-2024 boundaries
Nottingham East,East Midlands,3160,361803339.7,32321984.76,329481354.94,2700,2527384329.97,pre-2024 boundaries
Nottingham North and Kimberley,East Midlands,620,70859869.01,6330321.9,64529547.1,590,2527384329.97,pre-2024 boundaries
Nottingham South,East Midlands,2815,322419958.35,28803639.54,293616318.81,2690,2527384329.97,pre-2024 boundaries
Nuneaton,West Midlands,200,23143464.8,2141736.3,21001728.51,210,3089054238.61,pre-2024 boundaries
Old Bexley and Sidcup,London,290,32124171.99,4006538.35,28117633.65,280,9591194979.52,pre-2024 boundaries
Oldham East and Saddleworth,North West,325,39890773.36,3891954.61,35998818.74,330,3042886993.32,pre-2024 boundaries
"Oldham West, Chadderton and Royton",North West,450,54674853.83,5334367.62,49340486.21,440,3042886993.32,pre-2024 boundaries
Orkney and Shetland,Scotland,90,9882800.1,1115615.41,8767184.69,200,4211398343.47,pre-2024 boundaries
Orpington,London,250,27951072.52,3486067.87,24465004.65,250,9591194979.52,pre-2024 boundaries
Ossett and Denby Dale,Yorkshire and the Humber,140,14542911.18,1385415.3,13157495.88,140,2934649994.01,pre-2024 boundaries
Oxford East,South East,1980,225370617.19,21412647.68,203957969.51,1740,3571691172.66,pre-2024 boundaries
Oxford West and Abingdon,South East,2690,306068246.84,29079795.83,276988451.01,2610,3571691172.66,pre-2024 boundaries
Paisley and Renfrewshire North,Scotland,590,63762362.16,7197785.38,56564576.78,610,4211398343.47,pre-2024 boundaries
Paisley and Renfrewshire South,Scotland,665,71448984.46,8065486.26,63383498.2,670,4211398343.47,pre-2024 boundaries
Peckham,London,1625,180269203.33,22483240.23,157785963.11,1460,9591194979.52,pre-2024 boundaries
Pendle and Clitheroe,North West,185,22394820.13,2184956.98,20209863.15,190,3042886993.32,pre-2024 boundaries
Penistone and Stocksbridge,Yorkshire and the Humber,70,7125442.43,678797.86,6446644.57,70,2934649994.01,pre-2024 boundaries
Penrith and Solway,North West,45,5292525.85,516366.79,4776159.07,50,3042886993.32,pre-2024 boundaries
Perth and Kinross-shire,Scotland,460,49414000.52,5578077.07,43835923.45,430,4211398343.47,pre-2024 boundaries
Peterborough,East of England,595,61394159.05,6199843.59,55194315.46,420,2304881140.55,pre-2024 boundaries
Plymouth Moor View,South West,130,15665996.42,1432461.85,14233534.58,140,2156405285.39,pre-2024 boundaries
Plymouth Sutton and Devonport,South West,1165,140393528.9,12837253.89,127556275.02,1190,2156405285.39,pre-2024 boundaries
"Pontefract, Castleford and Knottingley",Yorkshire and the Humber,100,10104110.98,962557.62,9141553.36,90,2934649994.01,pre-2024 boundaries
Pontypridd,Wales,690,66064288.17,7684377.09,58379911.07,580,1258810595.29,pre-2024 boundaries
Poole,South West,200,24345067.61,2226055.69,22119011.92,230,2156405285.39,pre-2024 boundaries
Poplar and Limehouse,London,2305,255428463.66,31857130.35,223571333.31,1610,9591194979.52,pre-2024 boundaries
Portsmouth North,South East,225,25336775.4,2407267.87,22929507.53,230,3571691172.66,pre-2024 boundaries
Portsmouth South,South East,1885,214475803.77,20377522.49,194098281.27,1800,3571691172.66,pre-2024 boundaries
Preston,North West,1490,181739214.14,17731437.96,164007776.17,1430,3042886993.32,pre-2024 boundaries
Putney,London,1055,116933724.85,14584016.45,102349708.41,920,9591194979.52,pre-2024 boundaries
Queen's Park and Maida Vale,London,1410,156404290.71,19506799.69,136897491.02,1100,9591194979.52,pre-2024 boundaries
Rawmarsh and Conisbrough,Yorkshire and the Humber,85,8819195.13,840151.45,7979043.68,80,2934649994.01,pre-2024 boundaries
Rayleigh and Wickford,East of England,55,5423083.26,547646.04,4875437.23,50,2304881140.55,pre-2024 boundaries
Reading Central,South East,1235,140407963.68,13340276.1,127067687.58,1100,3571691172.66,pre-2024 boundaries
Reading West and Mid Berkshire,South East,170,19255949.3,1829523.58,17426425.73,180,3571691172.66,pre-2024 boundaries
Redcar,North East,130,13622888.22,1273598.53,12349289.7,130,1787629850.23,pre-2024 boundaries
Redditch,West Midlands,115,13268919.82,1227928.81,12040991.01,120,3089054238.61,pre-2024 boundaries
Reigate,South East,195,22211906.43,2110371.5,20101534.94,180,3571691172.66,pre-2024 boundaries
Rhondda and Ogmore,Wales,105,9881410.62,1149372.64,8732037.98,90,1258810595.29,pre-2024 boundaries
Ribble Valley,North West,100,12290907.14,1199165.84,11091741.3,110,3042886993.32,pre-2024 boundaries
Richmond Park,London,725,80375634.67,10024478.22,70351156.45,630,9591194979.52,pre-2024 boundaries
Richmond and Northallerton,Yorkshire and the Humber,80,8351953.01,795640.11,7556312.89,80,2934649994.01,pre-2024 boundaries
Rochdale,North West,375,45620698.04,4450996.34,41169701.7,400,3042886993.32,pre-2024 boundaries
Rochester and Strood,South East,310,35218117.81,3346102.34,31872015.47,310,3571691172.66,pre-2024 boundaries
Romford,London,555,61683626.6,7693204.22,53990422.39,500,9591194979.52,pre-2024 boundaries
Romsey and Southampton North,South East,895,101769381.19,9669192.6,92100188.59,930,3571691172.66,pre-2024 boundaries
Rossendale and Darwen,North West,65,7829439.07,763881.44,7065557.63,70,3042886993.32,pre-2024 boundaries
Rother Valley,Yorkshire and the Humber,75,7767900.35,740000.95,7027899.4,80,2934649994.01,pre-2024 boundaries
Rotherham,Yorkshire and the Humber,310,32298111.98,3076846.04,29221265.94,270,2934649994.01,pre-2024 boundaries
Rugby,West Midlands,290,33414754.9,3092259.26,30322495.63,280,3089054238.61,pre-2024 boundaries
"Ruislip, Northwood and Pinner",London,500,55510916.97,6923341.64,48587575.33,490,9591194979.52,pre-2024 boundaries
Runcorn and Helsby,North West,55,6954641.41,678531.56,6276109.85,70,3042886993.32,pre-2024 boundaries
Runnymede and Weybridge,South East,440,49871219.58,4738305.58,45132914.0,430,3571691172.66,pre-2024 boundaries
Rushcliffe,East Midlands,280,32030473.84,2861467.47,29169006.37,290,2527384329.97,pre-2024 boundaries
Rutherglen,Scotland,480,51921303.51,5861112.84,46060190.68,490,4211398343.47,pre-2024 boundaries
Rutland and Stamford,East Midlands,100,11381897.94,1016810.77,10365087.17,110,2527384329.97,pre-2024 boundaries
Salford,North West,1515,184801005.95,18030162.55,166770843.4,1380,3042886993.32,pre-2024 boundaries
Salisbury,South West,120,14519704.0,1327647.56,13192056.44,140,2156405285.39,pre-2024 boundaries
Scarborough and Whitby,Yorkshire and the Humber,110,11155405.76,1062708.12,10092697.64,100,2934649994.01,pre-2024 boundaries
Scunthorpe,Yorkshire and the Humber,260,26691206.46,2542710.01,24148496.45,230,2934649994.01,pre-2024 boundaries
Sefton Central,North West,35,4024069.24,392609.46,3631459.79,40,3042886993.32,pre-2024 boundaries
Selby,Yorkshire and the Humber,105,10863379.44,1034888.54,9828490.9,100,2934649994.01,pre-2024 boundaries
Sevenoaks,South East,115,13301807.09,1263815.63,12037991.46,120,3571691172.66,pre-2024 boundaries
Sheffield Brightside and Hillsborough,Yorkshire and the Humber,815,84045177.46,8006476.39,76038701.07,690,2934649994.01,pre-2024 boundaries
Sheffield Central,Yorkshire and the Humber,5570,576051136.43,54876912.2,521174224.23,5800,2934649994.01,pre-2024 boundaries
Sheffield Hallam,Yorkshire and the Humber,660,68275755.7,6504218.83,61771536.87,660,2934649994.01,pre-2024 boundaries
Sheffield Heeley,Yorkshire and the Humber,785,81066508.91,7722716.63,73343792.28,690,2934649994.01,pre-2024 boundaries
Sheffield South East,Yorkshire and the Humber,350,36444885.85,3471884.13,32973001.72,320,2934649994.01,pre-2024 boundaries
Sherwood Forest,East Midlands,80,9317040.35,832345.1,8484695.25,80,2527384329.97,pre-2024 boundaries
Shipley,Yorkshire and the Humber,100,10337732.04,984813.29,9352918.76,100,2934649994.01,pre-2024 boundaries
Shrewsbury,West Midlands,135,15296728.17,1415585.71,13881142.46,140,3089054238.61,pre-2024 boundaries
Sittingbourne and Sheppey,South East,125,14104138.31,1340045.78,12764092.53,110,3571691172.66,pre-2024 boundaries
Skipton and Ripon,Yorkshire and the Humber,75,7651089.82,728873.11,6922216.71,70,2934649994.01,pre-2024 boundaries
Sleaford and North Hykeham,East Midlands,75,8712691.78,778355.15,7934336.64,80,2527384329.97,pre-2024 boundaries
Slough,South East,960,109243729.94,10379336.62,98864393.32,720,3571691172.66,pre-2024 boundaries
Smethwick,West Midlands,1015,116334483.08,10765794.45,105568688.63,920,3089054238.61,pre-2024 boundaries
Solihull West and Shirley,West Midlands,130,14944065.84,1382949.72,13561116.12,150,3089054238.61,pre-2024 boundaries
South Antrim,Northern Ireland,260,22765964.02,2990718.08,19775245.94,190,952763278.06,pre-2024 boundaries
South Basildon and East Thurrock,East of England,235,24201520.84,2443972.62,21757548.22,220,2304881140.55,pre-2024 boundaries
South Cambridgeshire,East of England,600,61798866.76,6240712.7,55558154.06,530,2304881140.55,pre-2024 boundaries
South Cotswolds,South West,125,14956386.83,1367576.81,13588810.01,140,2156405285.39,pre-2024 boundaries
South Derbyshire,East Midlands,75,8460879.88,755859.33,7705020.55,80,2527384329.97,pre-2024 boundaries
South Devon,South West,80,9552436.84,873452.34,8678984.5,100,2156405285.39,pre-2024 boundaries
South Dorset,South West,65,7751120.18,708744.19,7042375.99,70,2156405285.39,pre-2024 boundaries
South Down,Northern Ireland,270,23323497.83,3063960.15,20259537.68,190,952763278.06,pre-2024 boundaries
South East Cornwall,South West,35,4312242.92,394301.34,3917941.57,40,2156405285.39,pre-2024 boundaries
South Holland and The Deepings,East Midlands,140,16267048.82,1453229.55,14813819.27,140,2527384329.97,pre-2024 boundaries
South Leicestershire,East Midlands,65,7453632.28,665876.08,6787756.2,70,2527384329.97,pre-2024 boundaries
South Norfolk,East of England,95,10036751.12,1013553.86,9023197.25,100,2304881140.55,pre-2024 boundaries
South Northamptonshire,East Midlands,115,12943131.72,1156284.81,11786846.91,120,2527384329.97,pre-2024 boundaries
South Ribble,North West,40,4986346.67,486494.33,4499852.34,50,3042886993.32,pre-2024 boundaries
South Shields,North East,235,24923693.23,2330106.39,22593586.83,250,1787629850.23,pre-2024 boundaries
South Shropshire,West Midlands,65,7405908.74,685355.62,6720553.12,70,3089054238.61,pre-2024 boundaries
South Suffolk,East of England,50,5382612.49,543559.13,4839053.37,50,2304881140.55,pre-2024 boundaries
South West Devon,South West,60,7259852.0,663823.78,6596028.22,70,2156405285.39,pre-2024 boundaries
South West Hertfordshire,East of England,225,23311163.89,2354060.59,20957103.3,210,2304881140.55,pre-2024 boundaries
South West Norfolk,East of England,145,14771831.28,1491722.42,13280108.86,130,2304881140.55,pre-2024 boundaries
South West Wiltshire,South West,95,11735850.98,1073098.59,10662752.38,110,2156405285.39,pre-2024 boundaries
Southampton Itchen,South East,1125,128246311.49,12184787.52,116061523.97,1060,3571691172.66,pre-2024 boundaries
Southampton Test,South East,1380,157299147.28,14945121.34,142354025.94,1280,3571691172.66,pre-2024 boundaries
Southend East and Rochford,East of England,290,29786487.19,3007966.3,26778520.88,270,2304881140.55,pre-2024 boundaries
Southend West and Leigh,East of England,160,16309720.57,1647025.03,14662695.54,140,2304881140.55,pre-2024 boundaries
Southgate and Wood Green,London,1145,127149124.61,15858084.8,111291039.81,870,9591194979.52,pre-2024 boundaries
Southport,North West,105,12859525.62,1254643.26,11604882.36,120,3042886993.32,pre-2024 boundaries
Spelthorne,South East,280,31755425.17,3017109.06,28738316.11,280,3571691172.66,pre-2024 boundaries
Spen Valley,Yorkshire and the Humber,95,10045705.71,956993.7,9088712.01,100,2934649994.01,pre-2024 boundaries
St Albans,East of England,240,24565757.77,2480754.82,22085002.96,220,2304881140.55,pre-2024 boundaries
St Austell and Newquay,South West,65,7969461.59,728708.81,7240752.78,70,2156405285.39,pre-2024 boundaries
St Helens North,North West,50,6167323.51,601716.67,5565606.84,60,3042886993.32,pre-2024 boundaries
St Helens South and Whiston,North West,80,9797733.81,955918.68,8841815.13,90,3042886993.32,pre-2024 boundaries
St Ives,South West,85,10316631.79,943328.53,9373303.26,110,2156405285.39,pre-2024 boundaries
St Neots and Mid Cambridgeshire,East of England,235,24444345.46,2468494.09,21975851.38,210,2304881140.55,pre-2024 boundaries
Stafford,West Midlands,135,15340810.96,1419665.2,13921145.75,150,3089054238.61,pre-2024 boundaries
Staffordshire Moorlands,West Midlands,30,3394374.84,314121.32,3080253.51,40,3089054238.61,pre-2024 boundaries
Stalybridge and Hyde,North West,145,17670912.76,1724067.61,15946845.14,160,3042886993.32,pre-2024 boundaries
Stevenage,East of England,275,28289068.67,2856750.61,25432318.07,250,2304881140.55,pre-2024 boundaries
Stirling and Strathallan,Scotland,1210,130288248.05,14707529.88,115580718.16,1130,4211398343.47,pre-2024 boundaries
Stockport,North West,225,27162467.38,2650113.83,24512353.55,230,3042886993.32,pre-2024 boundaries
Stockton North,North East,380,39785025.83,3719486.6,36065539.23,360,1787629850.23,pre-2024 boundaries
Stockton West,North East,130,13622888.22,1273598.53,12349289.7,140,1787629850.23,pre-2024 boundaries
Stoke-on-Trent Central,West Midlands,730,83536887.24,7730648.16,75806239.09,670,3089054238.61,pre-2024 boundaries
Stoke-on-Trent North,West Midlands,195,22570388.53,2088702.83,20481685.71,200,3089054238.61,pre-2024 boundaries
Stoke-on-Trent South,West Midlands,135,15296728.17,1415585.71,13881142.46,150,3089054238.61,pre-2024 boundaries
"Stone, Great Wyrley and Penkridge",West Midlands,50,5554431.55,514016.71,5040414.84,50,3089054238.61,pre-2024 boundaries
Stourbridge,West Midlands,140,15913887.23,1472698.67,14441188.55,160,3089054238.61,pre-2024 boundaries
Strangford,Northern Ireland,160,14031267.62,1843258.9,12188008.72,120,952763278.06,pre-2024 boundaries
Stratford and Bow,London,2275,252255169.26,31461355.93,220793813.34,1720,9591194979.52,pre-2024 boundaries
Stratford-on-Avon,West Midlands,90,10094958.93,934204.98,9160753.96,100,3089054238.61,pre-2024 boundaries
Streatham and Croydon North,London,915,101719299.69,12686467.84,89032831.85,750,9591194979.52,pre-2024 boundaries
Stretford and Urmston,North West,335,41071750.2,4007176.96,37064573.24,360,3042886993.32,pre-2024 boundaries
Stroud,South West,70,8515315.13,778620.38,7736694.75,80,2156405285.39,pre-2024 boundaries
Suffolk Coastal,East of England,55,5544495.58,559906.77,4984588.81,50,2304881140.55,pre-2024 boundaries
Sunderland Central,North East,1465,154263728.58,14422056.03,139841672.55,1440,1787629850.23,pre-2024 boundaries
Surrey Heath,South East,165,18960353.59,1801438.79,17158914.8,170,3571691172.66,pre-2024 boundaries
Sussex Weald,South East,60,6629789.56,629901.76,5999887.8,70,3571691172.66,pre-2024 boundaries
Sutton Coldfield,West Midlands,140,16222466.76,1501255.16,14721211.6,150,3089054238.61,pre-2024 boundaries
Sutton and Cheam,London,500,55206628.46,6885390.66,48321237.8,460,9591194979.52,pre-2024 boundaries
Swansea West,Wales,1910,182721398.72,21253542.12,161467856.6,1540,1258810595.29,pre-2024 boundaries
Swindon North,South West,235,28329798.41,2590410.1,25739388.31,240,2156405285.39,pre-2024 boundaries
Swindon South,South West,485,58187986.71,5320572.57,52867414.14,470,2156405285.39,pre-2024 boundaries
Tamworth,West Midlands,130,14899983.05,1378870.23,13521112.83,140,3089054238.61,pre-2024 boundaries
Tatton,North West,70,8485537.31,827893.85,7657643.46,80,3042886993.32,pre-2024 boundaries
Taunton and Wellington,South West,165,19923653.99,1821772.03,18101881.95,170,2156405285.39,pre-2024 boundaries
Telford,West Midlands,190,21732815.52,2011192.37,19721623.15,190,3089054238.61,pre-2024 boundaries
Tewkesbury,South West,130,15611411.07,1427470.69,14183940.38,150,2156405285.39,pre-2024 boundaries
The Wrekin,West Midlands,275,31254698.18,2892363.88,28362334.31,260,3089054238.61,pre-2024 boundaries
Thirsk and Malton,Yorkshire and the Humber,70,7417468.75,706617.44,6710851.31,70,2934649994.01,pre-2024 boundaries
Thornbury and Yate,South West,105,12500045.92,1142974.78,11357071.14,120,2156405285.39,pre-2024 boundaries
Thurrock,East of England,800,82843667.49,8365906.28,74477761.21,620,2304881140.55,pre-2024 boundaries
Tipton and Wednesbury,West Midlands,495,56558219.7,5233995.56,51324224.14,450,3089054238.61,pre-2024 boundaries
Tiverton and Minehead,South West,50,5840632.81,534053.72,5306579.09,60,2156405285.39,pre-2024 boundaries
Tonbridge,South East,100,11274865.05,1071234.2,10203630.85,100,3571691172.66,pre-2024 boundaries
Tooting,London,850,94155556.89,11743115.1,82412441.79,770,9591194979.52,pre-2024 boundaries
Torbay,South West,110,13427996.93,1227824.44,12200172.49,120,2156405285.39,pre-2024 boundaries
Torfaen,Wales,65,6324102.8,735598.49,5588504.31,60,1258810595.29,pre-2024 boundaries
Torridge and Tavistock,South West,40,4858096.45,444212.91,4413883.54,50,2156405285.39,pre-2024 boundaries
Tottenham,London,1795,199308969.68,24857886.77,174451082.91,1280,9591194979.52,pre-2024 boundaries
Truro and Falmouth,South West,425,51037305.41,4666731.1,46370574.32,490,2156405285.39,pre-2024 boundaries
Tunbridge Wells,South East,145,16468904.01,1564724.11,14904179.9,140,3571691172.66,pre-2024 boundaries
Twickenham,London,485,53902534.88,6722743.64,47179791.24,440,9591194979.52,pre-2024 boundaries
Tynemouth,North East,155,16564193.64,1548580.03,15015613.61,160,1787629850.23,pre-2024 boundaries
Upper Bann,Northern Ireland,595,51571877.68,6774891.97,44796985.71,370,952763278.06,pre-2024 boundaries
Uxbridge and South Ruislip,London,1580,175052828.99,21832652.13,153220176.86,1300,9591194979.52,pre-2024 boundaries
Vale of Glamorgan,Wales,150,14568022.52,1694503.67,12873518.85,140,1258810595.29,pre-2024 boundaries
Vauxhall and Camberwell Green,London,1920,212784603.4,26538572.68,186246030.72,1810,9591194979.52,pre-2024 boundaries
Wakefield and Rothwell,Yorkshire and the Humber,300,30837980.33,2937748.11,27900232.22,260,2934649994.01,pre-2024 boundaries
Wallasey,North West,70,8791716.5,857766.31,7933950.18,80,3042886993.32,pre-2024 boundaries
Walsall and Bloxwich,West Midlands,630,71810865.08,6645501.77,65165363.31,560,3089054238.61,pre-2024 boundaries
Walthamstow,London,1175,130365888.79,16259280.79,114106608.0,940,9591194979.52,pre-2024 boundaries
Warrington North,North West,115,14259201.88,1391203.07,12867998.8,130,3042886993.32,pre-2024 boundaries
Warrington South,North West,125,15265219.19,1489355.44,13775863.75,140,3042886993.32,pre-2024 boundaries
Warwick and Leamington,West Midlands,815,93014687.12,8607740.17,84406946.95,800,3089054238.61,pre-2024 boundaries
Washington and Gateshead South,North East,140,14551721.51,1360434.79,13191286.72,140,1787629850.23,pre-2024 boundaries
Watford,East of England,700,72078442.5,7278788.02,64799654.47,590,2304881140.55,pre-2024 boundaries
Waveney Valley,East of England,45,4451784.77,449560.18,4002224.59,50,2304881140.55,pre-2024 boundaries
Weald of Kent,South East,70,8065540.17,766313.6,7299226.56,80,3571691172.66,pre-2024 boundaries
Wellingborough and Rushden,East Midlands,340,39081207.07,3491350.25,35589856.83,320,2527384329.97,pre-2024 boundaries
Wells and Mendip Hills,South West,80,9770778.26,893416.97,8877361.29,100,2156405285.39,pre-2024 boundaries
Welwyn Hatfield,East of England,2045,210893185.77,21296891.86,189596293.92,1660,2304881140.55,pre-2024 boundaries
West Aberdeenshire and Kincardine,Scotland,365,39091964.86,4412878.75,34679086.11,360,4211398343.47,pre-2024 boundaries
West Bromwich,West Midlands,610,69650808.36,6445606.38,63205201.98,570,3089054238.61,pre-2024 boundaries
West Dorset,South West,90,10862485.32,993240.09,9869245.23,110,2156405285.39,pre-2024 boundaries
West Dunbartonshire,Scotland,530,57338542.09,6472635.36,50865906.73,560,4211398343.47,pre-2024 boundaries
West Ham and Beckton,London,2255,250125149.74,31195699.12,218929450.62,1600,9591194979.52,pre-2024 boundaries
West Lancashire,North West,205,25237912.53,2462344.09,22775568.44,230,3042886993.32,pre-2024 boundaries
West Suffolk,East of England,365,37597345.92,3796740.08,33800605.84,290,2304881140.55,pre-2024 boundaries
West Tyrone,Northern Ireland,305,26575778.41,3491205.59,23084572.82,230,952763278.06,pre-2024 boundaries
West Worcestershire,West Midlands,80,9257385.92,856694.52,8400691.4,90,3089054238.61,pre-2024 boundaries
Westmorland and Lonsdale,North West,55,6998381.29,682799.06,6315582.24,70,3042886993.32,pre-2024 boundaries
Weston-super-Mare,South West,155,18668190.86,1706975.44,16961215.42,180,2156405285.39,pre-2024 boundaries
Wetherby and Easingwold,Yorkshire and the Humber,105,10863379.44,1034888.54,9828490.9,110,2934649994.01,pre-2024 boundaries
Whitehaven and Workington,North West,40,4723907.37,460889.36,4263018.01,50,3042886993.32,pre-2024 boundaries
Widnes and Halewood,North West,60,7260820.59,708404.02,6552416.57,70,3042886993.32,pre-2024 boundaries
Wigan,North West,155,19158068.78,1869162.41,17288906.37,160,3042886993.32,pre-2024 boundaries
Wimbledon,London,650,71985965.93,8978115.7,63007850.23,570,9591194979.52,pre-2024 boundaries
Winchester,South East,375,42608010.63,4048222.13,38559788.5,370,3571691172.66,pre-2024 boundaries
Windsor,South East,890,101516013.44,9645119.92,91870893.52,830,3571691172.66,pre-2024 boundaries
Wirral West,North West,40,5117566.32,499296.81,4618269.51,50,3042886993.32,pre-2024 boundaries
Witham,East of England,100,10562871.14,1066683.7,9496187.43,90,2304881140.55,pre-2024 boundaries
Witney,South East,110,12626159.74,1199621.82,11426537.92,120,3571691172.66,pre-2024 boundaries
Woking,South East,305,34500242.5,3277896.41,31222346.09,300,3571691172.66,pre-2024 boundaries
Wokingham,South East,155,17524602.99,1665026.94,15859576.04,160,3571691172.66,pre-2024 boundaries
Wolverhampton North East,West Midlands,500,57219461.55,5295188.03,51924273.53,490,3089054238.61,pre-2024 boundaries
Wolverhampton South East,West Midlands,635,72604355.3,6718932.73,65885422.57,550,3089054238.61,pre-2024 boundaries
Wolverhampton West,West Midlands,860,98304621.93,9097279.89,89207342.04,790,3089054238.61,pre-2024 boundaries
Worcester,West Midlands,415,47521247.73,4397698.53,43123549.2,410,3089054238.61,pre-2024 boundaries
Worsley and Eccles,North West,285,34598247.5,3375587.83,31222659.68,290,3042886993.32,pre-2024 boundaries
Worthing West,South East,120,13386263.0,1271839.86,12114423.15,120,3571691172.66,pre-2024 boundaries
Wrexham,Wales,350,33596796.12,3907866.98,29688929.13,300,1258810595.29,pre-2024 boundaries
Wycombe,South East,460,52616036.92,4999092.94,47616943.98,450,3571691172.66,pre-2024 boundaries
Wyre Forest,West Midlands,75,8507978.49,787343.06,7720635.43,80,3089054238.61,pre-2024 boundaries
Wythenshawe and Sale East,North West,395,47938911.84,4677173.53,43261738.31,390,3042886993.32,pre-2024 boundaries
Yeovil,South West,110,13373411.58,1222833.28,12150578.3,120,2156405285.39,pre-2024 boundaries
Ynys Môn,Wales,60,5815915.97,676487.9,5139428.07,70,1258810595.29,pre-2024 boundaries
York Central,Yorkshire and the Humber,2570,265685554.05,25310257.89,240375296.16,2210,2934649994.01,pre-2024 boundaries
York Outer,Yorkshire and the Humber,225,23245295.78,2214438.92,21030856.86,220,2934649994.01,pre-2024 boundaries
